{
    "BANGUMI_NAME":"JOJO的奇妙冒险 石之海",
    "TYPE":0,
    "INFO_COUNT":7,
    "INFO":[
        {"LINE":"LINE0_NULL"},
        {"LINE":"西历2011年，美国·佛罗里达州。"},
        {"LINE":"在与恋人兜风途中遇到了交通事故的空条徐伦，因被陷害而获刑15年。"},
        {"LINE":"收容设施是州立绿海豚街重警备监狱——别名「水族馆」。"},
        {"LINE":"深陷绝望之中的徐伦，在手握父亲所托的吊坠时，她觉醒了不可思议的力量。"},
        {"LINE":"“这个世界上存在着比死还恐怖的事情，而这一切都将在这所监狱中发生”"},
        {"LINE":"徐伦面前出现的神秘少年所传达的信息，不断发生的不可思议的事件，前来探视的父亲·空条承太郎所说的令人恐惧的现实，以及名为DIO之人……空条徐伦究竟能否从这所「石之海」一般的监狱中重获自由？"},
        {"LINE":"给持续百年之久的乔斯达一族与DIO之间的宿命画上终止符的一战，即将开始！！"}
    ],
    "DATE":"2022Q1",
    "IF_COMPLETE":false,
    "REGION":"日本",
    "PIC":"https://img.3dmgame.com/uploads/images/news/20210405/1617584963_615868.jpg",
    "PROVIDER":"somefreakinganime@yeah.net",
    "PROVIDER_NAME":"Xuu",
    "EP_COUNT":12,
    "EP":[
        {"NUM":0,"VID":"EP0_NULL","DOWN":"EP0_NULL","RES":0,"HTTPS":false},
        {"NUM":1,"VID":"https://mc.panbaidu.cn/xm/17889/20211202/61a8c6d3f0d0fCLSUFFJOJO6EP1.mp4?auth=0&_upd=JOJO6EP1.mp4","DOWN":"https://www.aliyundrive.com/s/3AEcCtCuKy2","RES":720,"HTTPS":true},
        {"NUM":2,"VID":"https://mc.panbaidu.cn/xm/17889/20211202/61a8c70dc90b4CLSUFFJOJO6EP2.mp4?auth=0&_upd=JOJO6EP2.mp4","DOWN":"https://www.aliyundrive.com/s/3AEcCtCuKy2","RES":720,"HTTPS":true},
        {"NUM":3,"VID":"https://mc.panbaidu.cn/xm/17889/20211202/61a8c7637b0b6CLSUFFJOJO6EP3.mp4?auth=0&_upd=JOJO6EP3.mp4","DOWN":"https://www.aliyundrive.com/s/3AEcCtCuKy2","RES":720,"HTTPS":true},
        {"NUM":4,"VID":"https://mc.panbaidu.cn/xm/17889/20211202/61a8c7ab8d960CLSUFFJOJO6EP4.mp4?auth=0&_upd=JOJO6EP4.mp4","DOWN":"https://www.aliyundrive.com/s/3AEcCtCuKy2","RES":720,"HTTPS":true},
        {"NUM":5,"VID":"https://mc.panbaidu.cn/xm/17889/20211202/61a8c8007a4ffCLSUFFJOJO6EP5.mp4?auth=0&_upd=JOJO6EP5.mp4","DOWN":"https://www.aliyundrive.com/s/3AEcCtCuKy2","RES":720,"HTTPS":true},
        {"NUM":6,"VID":"https://mc.panbaidu.cn/xm/17889/20211202/61a8c84bba974CLSUFFJOJO6EP6.mp4?auth=0&_upd=JOJO6EP6.mp4","DOWN":"https://www.aliyundrive.com/s/3AEcCtCuKy2","RES":720,"HTTPS":true},
        {"NUM":7,"VID":"https://mc.panbaidu.cn/xm/17889/20211202/61a8c8935c0fdCLSUFFJOJO6EP7.mp4?auth=0&_upd=JOJO6EP7.mp4","DOWN":"https://www.aliyundrive.com/s/3AEcCtCuKy2","RES":720,"HTTPS":true},
        {"NUM":8,"VID":"https://mc.panbaidu.cn/xm/17889/20211202/61a8c8e54ddeeCLSUFFJOJO6EP8.mp4?auth=0&_upd=JOJO6EP8.mp4","DOWN":"https://www.aliyundrive.com/s/3AEcCtCuKy2","RES":720,"HTTPS":true},
        {"NUM":9,"VID":"https://mc.panbaidu.cn/xm/17889/20211202/61a8c937584c9CLSUFFJOJO6EP9.mp4?auth=0&_upd=JOJO6EP9.mp4","DOWN":"https://www.aliyundrive.com/s/3AEcCtCuKy2","RES":720,"HTTPS":true},
        {"NUM":10,"VID":"https://mc.panbaidu.cn/xm/17889/20211202/61a8c98658600CLSUFFJOJO6EP10.mp4?auth=0&_upd=JOJO6EP10.mp4","DOWN":"https://www.aliyundrive.com/s/3AEcCtCuKy2","RES":720,"HTTPS":true},
        {"NUM":11,"VID":"https://mc.panbaidu.cn/xm/17889/20211202/61a8c9d1a5c62CLSUFFJOJO6EP11.mp4?auth=0&_upd=JOJO6EP11.mp4","DOWN":"https://www.aliyundrive.com/s/3AEcCtCuKy2","RES":720,"HTTPS":true},
        {"NUM":12,"VID":"https://mc.panbaidu.cn/xm/17889/20211202/61a8c6886bf8dCLSUFFJOJO6EP12.mp4?auth=0&_upd=JOJO6EP12.mp4","DOWN":"https://www.aliyundrive.com/s/3AEcCtCuKy2","RES":720,"HTTPS":true}
    ]
}